001,q_to_windows_large,q_to_windows,large,source_init
002,q_to_windows_large,q_to_windows,large,destination_init
003,q_to_windows_large,q_to_windows,large,destination_init
004,q_to_windows_large,q_to_windows,large,source_init
005,q_to_windows_large,q_to_windows,large,destination_init
006,q_to_windows_large,q_to_windows,large,source_init
007,q_to_windows_large,q_to_windows,large,source_init
008,q_to_windows_large,q_to_windows,large,destination_init
009,q_to_windows_large,q_to_windows,large,source_init
010,q_to_windows_large,q_to_windows,large,destination_init
011,q_to_windows_large,q_to_windows,large,destination_init
012,q_to_windows_large,q_to_windows,large,source_init
013,q_to_windows_large,q_to_windows,large,destination_init
014,q_to_windows_large,q_to_windows,large,source_init
015,q_to_windows_large,q_to_windows,large,source_init
016,q_to_windows_large,q_to_windows,large,destination_init
017,windows_to_q_large,windows_to_q,large,source_init
018,windows_to_q_large,windows_to_q,large,destination_init
019,windows_to_q_large,windows_to_q,large,destination_init
020,windows_to_q_large,windows_to_q,large,source_init
021,windows_to_q_large,windows_to_q,large,destination_init
022,windows_to_q_large,windows_to_q,large,source_init
023,windows_to_q_large,windows_to_q,large,source_init
024,windows_to_q_large,windows_to_q,large,destination_init
025,windows_to_q_large,windows_to_q,large,source_init
026,windows_to_q_large,windows_to_q,large,destination_init
027,windows_to_q_large,windows_to_q,large,destination_init
028,windows_to_q_large,windows_to_q,large,source_init
029,windows_to_q_large,windows_to_q,large,destination_init
030,windows_to_q_large,windows_to_q,large,source_init
031,windows_to_q_large,windows_to_q,large,source_init
032,windows_to_q_large,windows_to_q,large,destination_init
033,windows_to_q_small,windows_to_q,small,source_init
034,windows_to_q_small,windows_to_q,small,destination_init
035,windows_to_q_small,windows_to_q,small,destination_init
036,windows_to_q_small,windows_to_q,small,source_init
037,windows_to_q_small,windows_to_q,small,destination_init
038,windows_to_q_small,windows_to_q,small,source_init
039,windows_to_q_small,windows_to_q,small,source_init
040,windows_to_q_small,windows_to_q,small,destination_init
041,windows_to_q_small,windows_to_q,small,source_init
042,windows_to_q_small,windows_to_q,small,destination_init
043,windows_to_q_small,windows_to_q,small,destination_init
044,windows_to_q_small,windows_to_q,small,source_init
045,windows_to_q_small,windows_to_q,small,destination_init
046,windows_to_q_small,windows_to_q,small,source_init
047,windows_to_q_small,windows_to_q,small,source_init
048,windows_to_q_small,windows_to_q,small,destination_init
049,q_to_windows_small,q_to_windows,small,source_init
050,q_to_windows_small,q_to_windows,small,destination_init
051,q_to_windows_small,q_to_windows,small,destination_init
052,q_to_windows_small,q_to_windows,small,source_init
053,q_to_windows_small,q_to_windows,small,destination_init
054,q_to_windows_small,q_to_windows,small,source_init
055,q_to_windows_small,q_to_windows,small,source_init
056,q_to_windows_small,q_to_windows,small,destination_init
057,q_to_windows_small,q_to_windows,small,source_init
058,q_to_windows_small,q_to_windows,small,destination_init
059,q_to_windows_small,q_to_windows,small,destination_init
060,q_to_windows_small,q_to_windows,small,source_init
061,q_to_windows_small,q_to_windows,small,destination_init
062,q_to_windows_small,q_to_windows,small,source_init
063,q_to_windows_small,q_to_windows,small,source_init
064,q_to_windows_small,q_to_windows,small,destination_init
065,q_to_windows_mixed,q_to_windows,mixed,source_init
066,q_to_windows_mixed,q_to_windows,mixed,destination_init
067,q_to_windows_mixed,q_to_windows,mixed,destination_init
068,q_to_windows_mixed,q_to_windows,mixed,source_init
069,q_to_windows_mixed,q_to_windows,mixed,destination_init
070,q_to_windows_mixed,q_to_windows,mixed,source_init
071,q_to_windows_mixed,q_to_windows,mixed,source_init
072,q_to_windows_mixed,q_to_windows,mixed,destination_init
073,q_to_windows_mixed,q_to_windows,mixed,source_init
074,q_to_windows_mixed,q_to_windows,mixed,destination_init
075,q_to_windows_mixed,q_to_windows,mixed,destination_init
076,q_to_windows_mixed,q_to_windows,mixed,source_init
077,q_to_windows_mixed,q_to_windows,mixed,destination_init
078,q_to_windows_mixed,q_to_windows,mixed,source_init
079,q_to_windows_mixed,q_to_windows,mixed,source_init
080,q_to_windows_mixed,q_to_windows,mixed,destination_init
081,windows_to_q_mixed,windows_to_q,mixed,source_init
082,windows_to_q_mixed,windows_to_q,mixed,destination_init
083,windows_to_q_mixed,windows_to_q,mixed,destination_init
084,windows_to_q_mixed,windows_to_q,mixed,source_init
085,windows_to_q_mixed,windows_to_q,mixed,destination_init
086,windows_to_q_mixed,windows_to_q,mixed,source_init
087,windows_to_q_mixed,windows_to_q,mixed,source_init
088,windows_to_q_mixed,windows_to_q,mixed,destination_init
089,windows_to_q_mixed,windows_to_q,mixed,source_init
090,windows_to_q_mixed,windows_to_q,mixed,destination_init
091,windows_to_q_mixed,windows_to_q,mixed,destination_init
092,windows_to_q_mixed,windows_to_q,mixed,source_init
093,windows_to_q_mixed,windows_to_q,mixed,destination_init
094,windows_to_q_mixed,windows_to_q,mixed,source_init
095,windows_to_q_mixed,windows_to_q,mixed,source_init
096,windows_to_q_mixed,windows_to_q,mixed,destination_init
