cell,pair,initiator,run_id,session_id,source_endpoint,destination_endpoint,client_endpoint,duration_ms,throughput_mib_s,floor_streams,peak_streams,final_streams,receiver_ceiling,accepted_adds,accepted_removes,sample_count,sample_observation,operations,reason_counts,reason_sequence,source_complete_elapsed_ns,destination_complete_elapsed_ns,client_complete_elapsed_ns,review_reasons,arm_verdict,source_path,active_destination_path,archive_path,landed_manifest,landed_manifest_sha256,source_trace,destination_trace
q_to_windows_large,1,source_init,ldt4-001,3c6b78bf890a62b4,q,netwatch-01,q,880,1163.636,4,4,4,32,0,0,0,no-sample,[],{},[],869019416,871717000,869019416,[],STRUCTURALLY_VALID,/Users/michael/blit-ldt4-staging/fixtures/src_large,D:/blit-test/ldt4-sessions/ldt4-20260721T224319Z-96a4e3b03caf/active/large,D:/blit-test/ldt4-sessions/ldt4-20260721T224319Z-96a4e3b03caf/retained/ldt4-001,manifests/landed/ldt4-001.csv,6ded420382e363fb191497f83869f04fa5c2c05f23f8c638a4a47f434dacf788,endpoint/q/ldt4-001/client.err,endpoint/windows/ldt4-001/daemon.err
q_to_windows_large,1,destination_init,ldt4-002,3d01ef392695e99c,q,netwatch-01,netwatch-01,1040,984.615,4,4,4,32,0,0,0,no-sample,[],{},[],873711875,1016900700,1016900700,[],STRUCTURALLY_VALID,/Users/michael/blit-ldt4-staging/fixtures/src_large,D:/blit-test/ldt4-sessions/ldt4-20260721T224319Z-96a4e3b03caf/active/large,D:/blit-test/ldt4-sessions/ldt4-20260721T224319Z-96a4e3b03caf/retained/ldt4-002,manifests/landed/ldt4-002.csv,6ded420382e363fb191497f83869f04fa5c2c05f23f8c638a4a47f434dacf788,endpoint/q/ldt4-002/daemon.err,endpoint/windows/ldt4-002/client.err
q_to_windows_large,2,destination_init,ldt4-003,e4580f5da727588f,q,netwatch-01,netwatch-01,1052,973.384,4,4,4,32,0,0,0,no-sample,[],{},[],870043375,1031807800,1031807800,[],STRUCTURALLY_VALID,/Users/michael/blit-ldt4-staging/fixtures/src_large,D:/blit-test/ldt4-sessions/ldt4-20260721T224319Z-96a4e3b03caf/active/large,D:/blit-test/ldt4-sessions/ldt4-20260721T224319Z-96a4e3b03caf/retained/ldt4-003,manifests/landed/ldt4-003.csv,6ded420382e363fb191497f83869f04fa5c2c05f23f8c638a4a47f434dacf788,endpoint/q/ldt4-003/daemon.err,endpoint/windows/ldt4-003/client.err
q_to_windows_large,2,source_init,ldt4-004,a52ed404d44f9a06,q,netwatch-01,q,878,1166.287,4,4,4,32,0,0,0,no-sample,[],{},[],869169166,871740200,869169166,[],STRUCTURALLY_VALID,/Users/michael/blit-ldt4-staging/fixtures/src_large,D:/blit-test/ldt4-sessions/ldt4-20260721T224319Z-96a4e3b03caf/active/large,D:/blit-test/ldt4-sessions/ldt4-20260721T224319Z-96a4e3b03caf/retained/ldt4-004,manifests/landed/ldt4-004.csv,6ded420382e363fb191497f83869f04fa5c2c05f23f8c638a4a47f434dacf788,endpoint/q/ldt4-004/client.err,endpoint/windows/ldt4-004/daemon.err
q_to_windows_large,3,destination_init,ldt4-005,f5fa2cdc89e448ad,q,netwatch-01,netwatch-01,1048,977.099,4,4,4,32,0,0,0,no-sample,[],{},[],873252667,1027716600,1027716600,[],STRUCTURALLY_VALID,/Users/michael/blit-ldt4-staging/fixtures/src_large,D:/blit-test/ldt4-sessions/ldt4-20260721T224319Z-96a4e3b03caf/active/large,D:/blit-test/ldt4-sessions/ldt4-20260721T224319Z-96a4e3b03caf/retained/ldt4-005,manifests/landed/ldt4-005.csv,6ded420382e363fb191497f83869f04fa5c2c05f23f8c638a4a47f434dacf788,endpoint/q/ldt4-005/daemon.err,endpoint/windows/ldt4-005/client.err
q_to_windows_large,3,source_init,ldt4-006,5758b280860a3072,q,netwatch-01,q,877,1167.617,4,4,4,32,0,0,0,no-sample,[],{},[],867057750,870967400,867057750,[],STRUCTURALLY_VALID,/Users/michael/blit-ldt4-staging/fixtures/src_large,D:/blit-test/ldt4-sessions/ldt4-20260721T224319Z-96a4e3b03caf/active/large,D:/blit-test/ldt4-sessions/ldt4-20260721T224319Z-96a4e3b03caf/retained/ldt4-006,manifests/landed/ldt4-006.csv,6ded420382e363fb191497f83869f04fa5c2c05f23f8c638a4a47f434dacf788,endpoint/q/ldt4-006/client.err,endpoint/windows/ldt4-006/daemon.err
q_to_windows_large,4,source_init,ldt4-007,e08ebc920ba25360,q,netwatch-01,q,878,1166.287,4,4,4,32,0,0,0,no-sample,[],{},[],868816292,871411500,868816292,[],STRUCTURALLY_VALID,/Users/michael/blit-ldt4-staging/fixtures/src_large,D:/blit-test/ldt4-sessions/ldt4-20260721T224319Z-96a4e3b03caf/active/large,D:/blit-test/ldt4-sessions/ldt4-20260721T224319Z-96a4e3b03caf/retained/ldt4-007,manifests/landed/ldt4-007.csv,6ded420382e363fb191497f83869f04fa5c2c05f23f8c638a4a47f434dacf788,endpoint/q/ldt4-007/client.err,endpoint/windows/ldt4-007/daemon.err
q_to_windows_large,4,destination_init,ldt4-008,944401679e522f4e,q,netwatch-01,netwatch-01,1086,942.91,4,4,4,32,0,0,0,no-sample,[],{},[],871465333,1065221200,1065221200,[],STRUCTURALLY_VALID,/Users/michael/blit-ldt4-staging/fixtures/src_large,D:/blit-test/ldt4-sessions/ldt4-20260721T224319Z-96a4e3b03caf/active/large,D:/blit-test/ldt4-sessions/ldt4-20260721T224319Z-96a4e3b03caf/retained/ldt4-008,manifests/landed/ldt4-008.csv,6ded420382e363fb191497f83869f04fa5c2c05f23f8c638a4a47f434dacf788,endpoint/q/ldt4-008/daemon.err,endpoint/windows/ldt4-008/client.err
q_to_windows_large,5,source_init,ldt4-009,554c41e308da2137,q,netwatch-01,q,878,1166.287,4,4,4,32,0,0,0,no-sample,[],{},[],868736417,871210800,868736417,[],STRUCTURALLY_VALID,/Users/michael/blit-ldt4-staging/fixtures/src_large,D:/blit-test/ldt4-sessions/ldt4-20260721T224319Z-96a4e3b03caf/active/large,D:/blit-test/ldt4-sessions/ldt4-20260721T224319Z-96a4e3b03caf/retained/ldt4-009,manifests/landed/ldt4-009.csv,6ded420382e363fb191497f83869f04fa5c2c05f23f8c638a4a47f434dacf788,endpoint/q/ldt4-009/client.err,endpoint/windows/ldt4-009/daemon.err
q_to_windows_large,5,destination_init,ldt4-010,732f7ec6d55af6e1,q,netwatch-01,netwatch-01,1092,937.729,4,4,4,32,0,0,0,no-sample,[],{},[],872078625,1071312500,1071312500,[],STRUCTURALLY_VALID,/Users/michael/blit-ldt4-staging/fixtures/src_large,D:/blit-test/ldt4-sessions/ldt4-20260721T224319Z-96a4e3b03caf/active/large,D:/blit-test/ldt4-sessions/ldt4-20260721T224319Z-96a4e3b03caf/retained/ldt4-010,manifests/landed/ldt4-010.csv,6ded420382e363fb191497f83869f04fa5c2c05f23f8c638a4a47f434dacf788,endpoint/q/ldt4-010/daemon.err,endpoint/windows/ldt4-010/client.err
q_to_windows_large,6,destination_init,ldt4-011,660d359c558c4f90,q,netwatch-01,netwatch-01,1056,969.697,4,4,4,32,0,0,0,no-sample,[],{},[],872585666,1034917900,1034917900,[],STRUCTURALLY_VALID,/Users/michael/blit-ldt4-staging/fixtures/src_large,D:/blit-test/ldt4-sessions/ldt4-20260721T224319Z-96a4e3b03caf/active/large,D:/blit-test/ldt4-sessions/ldt4-20260721T224319Z-96a4e3b03caf/retained/ldt4-011,manifests/landed/ldt4-011.csv,6ded420382e363fb191497f83869f04fa5c2c05f23f8c638a4a47f434dacf788,endpoint/q/ldt4-011/daemon.err,endpoint/windows/ldt4-011/client.err
q_to_windows_large,6,source_init,ldt4-012,7030de250b09f337,q,netwatch-01,q,877,1167.617,4,4,4,32,0,0,0,no-sample,[],{},[],868104958,870847300,868104958,[],STRUCTURALLY_VALID,/Users/michael/blit-ldt4-staging/fixtures/src_large,D:/blit-test/ldt4-sessions/ldt4-20260721T224319Z-96a4e3b03caf/active/large,D:/blit-test/ldt4-sessions/ldt4-20260721T224319Z-96a4e3b03caf/retained/ldt4-012,manifests/landed/ldt4-012.csv,6ded420382e363fb191497f83869f04fa5c2c05f23f8c638a4a47f434dacf788,endpoint/q/ldt4-012/client.err,endpoint/windows/ldt4-012/daemon.err
q_to_windows_large,7,destination_init,ldt4-013,c86285a327ce2a5a,q,netwatch-01,netwatch-01,1050,975.238,4,4,4,32,0,0,0,no-sample,[],{},[],873304500,1029185400,1029185400,[],STRUCTURALLY_VALID,/Users/michael/blit-ldt4-staging/fixtures/src_large,D:/blit-test/ldt4-sessions/ldt4-20260721T224319Z-96a4e3b03caf/active/large,D:/blit-test/ldt4-sessions/ldt4-20260721T224319Z-96a4e3b03caf/retained/ldt4-013,manifests/landed/ldt4-013.csv,6ded420382e363fb191497f83869f04fa5c2c05f23f8c638a4a47f434dacf788,endpoint/q/ldt4-013/daemon.err,endpoint/windows/ldt4-013/client.err
q_to_windows_large,7,source_init,ldt4-014,5f4fd00574210b2b,q,netwatch-01,q,878,1166.287,4,4,4,32,0,0,0,no-sample,[],{},[],868602875,871191200,868602875,[],STRUCTURALLY_VALID,/Users/michael/blit-ldt4-staging/fixtures/src_large,D:/blit-test/ldt4-sessions/ldt4-20260721T224319Z-96a4e3b03caf/active/large,D:/blit-test/ldt4-sessions/ldt4-20260721T224319Z-96a4e3b03caf/retained/ldt4-014,manifests/landed/ldt4-014.csv,6ded420382e363fb191497f83869f04fa5c2c05f23f8c638a4a47f434dacf788,endpoint/q/ldt4-014/client.err,endpoint/windows/ldt4-014/daemon.err
q_to_windows_large,8,source_init,ldt4-015,843d53cf2516b7ca,q,netwatch-01,q,1081,947.271,4,4,4,32,0,0,0,no-sample,[],{},[],868706834,1071813500,868706834,[],STRUCTURALLY_VALID,/Users/michael/blit-ldt4-staging/fixtures/src_large,D:/blit-test/ldt4-sessions/ldt4-20260721T224319Z-96a4e3b03caf/active/large,D:/blit-test/ldt4-sessions/ldt4-20260721T224319Z-96a4e3b03caf/retained/ldt4-015,manifests/landed/ldt4-015.csv,6ded420382e363fb191497f83869f04fa5c2c05f23f8c638a4a47f434dacf788,endpoint/q/ldt4-015/client.err,endpoint/windows/ldt4-015/daemon.err
q_to_windows_large,8,destination_init,ldt4-016,e5e6c9e7723dad95,q,netwatch-01,netwatch-01,895,1144.134,4,4,4,32,0,0,0,no-sample,[],{},[],872447250,874487800,874487800,[],STRUCTURALLY_VALID,/Users/michael/blit-ldt4-staging/fixtures/src_large,D:/blit-test/ldt4-sessions/ldt4-20260721T224319Z-96a4e3b03caf/active/large,D:/blit-test/ldt4-sessions/ldt4-20260721T224319Z-96a4e3b03caf/retained/ldt4-016,manifests/landed/ldt4-016.csv,6ded420382e363fb191497f83869f04fa5c2c05f23f8c638a4a47f434dacf788,endpoint/q/ldt4-016/daemon.err,endpoint/windows/ldt4-016/client.err
windows_to_q_large,1,source_init,ldt4-017,9f05a4269ce679b5,netwatch-01,q,netwatch-01,894,1145.414,4,4,4,32,0,0,0,no-sample,[],{},[],870476800,872817625,870476800,[],STRUCTURALLY_VALID,D:/blit-test/rigw-module/src_large,/Users/michael/blit-ldt4-sessions/ldt4-20260721T224319Z-96a4e3b03caf/active/large,/Users/michael/blit-ldt4-sessions/ldt4-20260721T224319Z-96a4e3b03caf/retained/ldt4-017,manifests/landed/ldt4-017.csv,6ded420382e363fb191497f83869f04fa5c2c05f23f8c638a4a47f434dacf788,endpoint/windows/ldt4-017/client.err,endpoint/q/ldt4-017/daemon.err
windows_to_q_large,1,destination_init,ldt4-018,24c8ac08f2f6df20,netwatch-01,q,q,878,1166.287,4,4,4,32,0,0,0,no-sample,[],{},[],869611400,871168042,871168042,[],STRUCTURALLY_VALID,D:/blit-test/rigw-module/src_large,/Users/michael/blit-ldt4-sessions/ldt4-20260721T224319Z-96a4e3b03caf/active/large,/Users/michael/blit-ldt4-sessions/ldt4-20260721T224319Z-96a4e3b03caf/retained/ldt4-018,manifests/landed/ldt4-018.csv,6ded420382e363fb191497f83869f04fa5c2c05f23f8c638a4a47f434dacf788,endpoint/windows/ldt4-018/daemon.err,endpoint/q/ldt4-018/client.err
windows_to_q_large,2,destination_init,ldt4-019,070dfec1feba080a,netwatch-01,q,q,879,1164.96,4,4,4,32,0,0,0,no-sample,[],{},[],869644700,871502792,871502792,[],STRUCTURALLY_VALID,D:/blit-test/rigw-module/src_large,/Users/michael/blit-ldt4-sessions/ldt4-20260721T224319Z-96a4e3b03caf/active/large,/Users/michael/blit-ldt4-sessions/ldt4-20260721T224319Z-96a4e3b03caf/retained/ldt4-019,manifests/landed/ldt4-019.csv,6ded420382e363fb191497f83869f04fa5c2c05f23f8c638a4a47f434dacf788,endpoint/windows/ldt4-019/daemon.err,endpoint/q/ldt4-019/client.err
windows_to_q_large,2,source_init,ldt4-020,00c8f4dcbd11cd58,netwatch-01,q,netwatch-01,920,1113.043,4,4,4,32,0,0,0,no-sample,[],{},[],895879600,897997708,895879600,[],STRUCTURALLY_VALID,D:/blit-test/rigw-module/src_large,/Users/michael/blit-ldt4-sessions/ldt4-20260721T224319Z-96a4e3b03caf/active/large,/Users/michael/blit-ldt4-sessions/ldt4-20260721T224319Z-96a4e3b03caf/retained/ldt4-020,manifests/landed/ldt4-020.csv,6ded420382e363fb191497f83869f04fa5c2c05f23f8c638a4a47f434dacf788,endpoint/windows/ldt4-020/client.err,endpoint/q/ldt4-020/daemon.err
windows_to_q_large,3,destination_init,ldt4-021,97626e81322084bb,netwatch-01,q,q,878,1166.287,4,4,4,32,0,0,0,no-sample,[],{},[],869409600,871264416,871264416,[],STRUCTURALLY_VALID,D:/blit-test/rigw-module/src_large,/Users/michael/blit-ldt4-sessions/ldt4-20260721T224319Z-96a4e3b03caf/active/large,/Users/michael/blit-ldt4-sessions/ldt4-20260721T224319Z-96a4e3b03caf/retained/ldt4-021,manifests/landed/ldt4-021.csv,6ded420382e363fb191497f83869f04fa5c2c05f23f8c638a4a47f434dacf788,endpoint/windows/ldt4-021/daemon.err,endpoint/q/ldt4-021/client.err
windows_to_q_large,3,source_init,ldt4-022,b25ad4b4d7dced51,netwatch-01,q,netwatch-01,895,1144.134,4,4,4,32,0,0,0,no-sample,[],{},[],870820900,873285708,870820900,[],STRUCTURALLY_VALID,D:/blit-test/rigw-module/src_large,/Users/michael/blit-ldt4-sessions/ldt4-20260721T224319Z-96a4e3b03caf/active/large,/Users/michael/blit-ldt4-sessions/ldt4-20260721T224319Z-96a4e3b03caf/retained/ldt4-022,manifests/landed/ldt4-022.csv,6ded420382e363fb191497f83869f04fa5c2c05f23f8c638a4a47f434dacf788,endpoint/windows/ldt4-022/client.err,endpoint/q/ldt4-022/daemon.err
windows_to_q_large,4,source_init,ldt4-023,49070d793b61ca1d,netwatch-01,q,netwatch-01,894,1145.414,4,4,4,32,0,0,0,no-sample,[],{},[],870479800,872609833,870479800,[],STRUCTURALLY_VALID,D:/blit-test/rigw-module/src_large,/Users/michael/blit-ldt4-sessions/ldt4-20260721T224319Z-96a4e3b03caf/active/large,/Users/michael/blit-ldt4-sessions/ldt4-20260721T224319Z-96a4e3b03caf/retained/ldt4-023,manifests/landed/ldt4-023.csv,6ded420382e363fb191497f83869f04fa5c2c05f23f8c638a4a47f434dacf788,endpoint/windows/ldt4-023/client.err,endpoint/q/ldt4-023/daemon.err
windows_to_q_large,4,destination_init,ldt4-024,df68f4081ff671b3,netwatch-01,q,q,879,1164.96,4,4,4,32,0,0,0,no-sample,[],{},[],869734600,871438875,871438875,[],STRUCTURALLY_VALID,D:/blit-test/rigw-module/src_large,/Users/michael/blit-ldt4-sessions/ldt4-20260721T224319Z-96a4e3b03caf/active/large,/Users/michael/blit-ldt4-sessions/ldt4-20260721T224319Z-96a4e3b03caf/retained/ldt4-024,manifests/landed/ldt4-024.csv,6ded420382e363fb191497f83869f04fa5c2c05f23f8c638a4a47f434dacf788,endpoint/windows/ldt4-024/daemon.err,endpoint/q/ldt4-024/client.err
windows_to_q_large,5,source_init,ldt4-025,73f96d6ae8495cd9,netwatch-01,q,netwatch-01,914,1120.35,4,4,4,32,0,0,0,no-sample,[],{},[],890203000,892625125,890203000,[],STRUCTURALLY_VALID,D:/blit-test/rigw-module/src_large,/Users/michael/blit-ldt4-sessions/ldt4-20260721T224319Z-96a4e3b03caf/active/large,/Users/michael/blit-ldt4-sessions/ldt4-20260721T224319Z-96a4e3b03caf/retained/ldt4-025,manifests/landed/ldt4-025.csv,6ded420382e363fb191497f83869f04fa5c2c05f23f8c638a4a47f434dacf788,endpoint/windows/ldt4-025/client.err,endpoint/q/ldt4-025/daemon.err
windows_to_q_large,5,destination_init,ldt4-026,40284327fbdacc70,netwatch-01,q,q,878,1166.287,4,4,4,32,0,0,0,no-sample,[],{},[],869398800,871473208,871473208,[],STRUCTURALLY_VALID,D:/blit-test/rigw-module/src_large,/Users/michael/blit-ldt4-sessions/ldt4-20260721T224319Z-96a4e3b03caf/active/large,/Users/michael/blit-ldt4-sessions/ldt4-20260721T224319Z-96a4e3b03caf/retained/ldt4-026,manifests/landed/ldt4-026.csv,6ded420382e363fb191497f83869f04fa5c2c05f23f8c638a4a47f434dacf788,endpoint/windows/ldt4-026/daemon.err,endpoint/q/ldt4-026/client.err
windows_to_q_large,6,destination_init,ldt4-027,e9886e1596897140,netwatch-01,q,q,902,1135.255,4,4,4,32,0,0,0,no-sample,[],{},[],892423600,894427042,894427042,[],STRUCTURALLY_VALID,D:/blit-test/rigw-module/src_large,/Users/michael/blit-ldt4-sessions/ldt4-20260721T224319Z-96a4e3b03caf/active/large,/Users/michael/blit-ldt4-sessions/ldt4-20260721T224319Z-96a4e3b03caf/retained/ldt4-027,manifests/landed/ldt4-027.csv,6ded420382e363fb191497f83869f04fa5c2c05f23f8c638a4a47f434dacf788,endpoint/windows/ldt4-027/daemon.err,endpoint/q/ldt4-027/client.err
windows_to_q_large,6,source_init,ldt4-028,c6e13bdcfcc5916e,netwatch-01,q,netwatch-01,895,1144.134,4,4,4,32,0,0,0,no-sample,[],{},[],870988000,873615667,870988000,[],STRUCTURALLY_VALID,D:/blit-test/rigw-module/src_large,/Users/michael/blit-ldt4-sessions/ldt4-20260721T224319Z-96a4e3b03caf/active/large,/Users/michael/blit-ldt4-sessions/ldt4-20260721T224319Z-96a4e3b03caf/retained/ldt4-028,manifests/landed/ldt4-028.csv,6ded420382e363fb191497f83869f04fa5c2c05f23f8c638a4a47f434dacf788,endpoint/windows/ldt4-028/client.err,endpoint/q/ldt4-028/daemon.err
windows_to_q_large,7,destination_init,ldt4-029,e90ee982125e0c98,netwatch-01,q,q,880,1163.636,4,4,4,32,0,0,0,no-sample,[],{},[],871390100,873460084,873460084,[],STRUCTURALLY_VALID,D:/blit-test/rigw-module/src_large,/Users/michael/blit-ldt4-sessions/ldt4-20260721T224319Z-96a4e3b03caf/active/large,/Users/michael/blit-ldt4-sessions/ldt4-20260721T224319Z-96a4e3b03caf/retained/ldt4-029,manifests/landed/ldt4-029.csv,6ded420382e363fb191497f83869f04fa5c2c05f23f8c638a4a47f434dacf788,endpoint/windows/ldt4-029/daemon.err,endpoint/q/ldt4-029/client.err
windows_to_q_large,7,source_init,ldt4-030,6a49f1393fffae1e,netwatch-01,q,netwatch-01,895,1144.134,4,4,4,32,0,0,0,no-sample,[],{},[],871957500,874230000,871957500,[],STRUCTURALLY_VALID,D:/blit-test/rigw-module/src_large,/Users/michael/blit-ldt4-sessions/ldt4-20260721T224319Z-96a4e3b03caf/active/large,/Users/michael/blit-ldt4-sessions/ldt4-20260721T224319Z-96a4e3b03caf/retained/ldt4-030,manifests/landed/ldt4-030.csv,6ded420382e363fb191497f83869f04fa5c2c05f23f8c638a4a47f434dacf788,endpoint/windows/ldt4-030/client.err,endpoint/q/ldt4-030/daemon.err
windows_to_q_large,8,source_init,ldt4-031,81fce6198b956d78,netwatch-01,q,netwatch-01,949,1079.031,4,4,4,32,0,0,0,no-sample,[],{},[],923546200,927482958,923546200,[],STRUCTURALLY_VALID,D:/blit-test/rigw-module/src_large,/Users/michael/blit-ldt4-sessions/ldt4-20260721T224319Z-96a4e3b03caf/active/large,/Users/michael/blit-ldt4-sessions/ldt4-20260721T224319Z-96a4e3b03caf/retained/ldt4-031,manifests/landed/ldt4-031.csv,6ded420382e363fb191497f83869f04fa5c2c05f23f8c638a4a47f434dacf788,endpoint/windows/ldt4-031/client.err,endpoint/q/ldt4-031/daemon.err
windows_to_q_large,8,destination_init,ldt4-032,c374073ebdceba10,netwatch-01,q,q,879,1164.96,4,4,4,32,0,0,0,no-sample,[],{},[],869687900,871762791,871762791,[],STRUCTURALLY_VALID,D:/blit-test/rigw-module/src_large,/Users/michael/blit-ldt4-sessions/ldt4-20260721T224319Z-96a4e3b03caf/active/large,/Users/michael/blit-ldt4-sessions/ldt4-20260721T224319Z-96a4e3b03caf/retained/ldt4-032,manifests/landed/ldt4-032.csv,6ded420382e363fb191497f83869f04fa5c2c05f23f8c638a4a47f434dacf788,endpoint/windows/ldt4-032/daemon.err,endpoint/q/ldt4-032/client.err
windows_to_q_small,1,source_init,ldt4-033,2fa724a0a98bf29c,netwatch-01,q,netwatch-01,660,59.186,4,4,4,32,0,0,1,sampled,[],"{""cheap-up"":1}","[""cheap-up""]",587139000,638383875,587139000,[],STRUCTURALLY_VALID,D:/blit-test/ldt4-staging/fixtures/src_small,/Users/michael/blit-ldt4-sessions/ldt4-20260721T224319Z-96a4e3b03caf/active/small,/Users/michael/blit-ldt4-sessions/ldt4-20260721T224319Z-96a4e3b03caf/retained/ldt4-033,manifests/landed/ldt4-033.csv,913dcd9fcd5ea6447db1d9e6f427254c09c895acdbc7804ce5791d1a4e1a309d,endpoint/windows/ldt4-033/client.err,endpoint/q/ldt4-033/daemon.err
windows_to_q_small,1,destination_init,ldt4-034,fa10835f54f23ddf,netwatch-01,q,q,651,60.004,4,4,4,32,0,0,0,no-sample,[],{},[],593921100,643407875,643407875,[],STRUCTURALLY_VALID,D:/blit-test/ldt4-staging/fixtures/src_small,/Users/michael/blit-ldt4-sessions/ldt4-20260721T224319Z-96a4e3b03caf/active/small,/Users/michael/blit-ldt4-sessions/ldt4-20260721T224319Z-96a4e3b03caf/retained/ldt4-034,manifests/landed/ldt4-034.csv,913dcd9fcd5ea6447db1d9e6f427254c09c895acdbc7804ce5791d1a4e1a309d,endpoint/windows/ldt4-034/daemon.err,endpoint/q/ldt4-034/client.err
windows_to_q_small,2,destination_init,ldt4-035,3f757ac39ef62e10,netwatch-01,q,q,649,60.189,4,4,4,32,0,0,0,no-sample,[],{},[],605229200,640889708,640889708,[],STRUCTURALLY_VALID,D:/blit-test/ldt4-staging/fixtures/src_small,/Users/michael/blit-ldt4-sessions/ldt4-20260721T224319Z-96a4e3b03caf/active/small,/Users/michael/blit-ldt4-sessions/ldt4-20260721T224319Z-96a4e3b03caf/retained/ldt4-035,manifests/landed/ldt4-035.csv,913dcd9fcd5ea6447db1d9e6f427254c09c895acdbc7804ce5791d1a4e1a309d,endpoint/windows/ldt4-035/daemon.err,endpoint/q/ldt4-035/client.err
windows_to_q_small,2,source_init,ldt4-036,130ee9c947838b1e,netwatch-01,q,netwatch-01,644,60.656,4,4,4,32,0,0,1,sampled,[],"{""cheap-up"":1}","[""cheap-up""]",612995100,622093250,612995100,[],STRUCTURALLY_VALID,D:/blit-test/ldt4-staging/fixtures/src_small,/Users/michael/blit-ldt4-sessions/ldt4-20260721T224319Z-96a4e3b03caf/active/small,/Users/michael/blit-ldt4-sessions/ldt4-20260721T224319Z-96a4e3b03caf/retained/ldt4-036,manifests/landed/ldt4-036.csv,913dcd9fcd5ea6447db1d9e6f427254c09c895acdbc7804ce5791d1a4e1a309d,endpoint/windows/ldt4-036/client.err,endpoint/q/ldt4-036/daemon.err
windows_to_q_small,3,destination_init,ldt4-037,d3e7aadbd73ddbd3,netwatch-01,q,q,639,61.131,4,4,4,32,0,0,0,no-sample,[],{},[],605488000,631320958,631320958,[],STRUCTURALLY_VALID,D:/blit-test/ldt4-staging/fixtures/src_small,/Users/michael/blit-ldt4-sessions/ldt4-20260721T224319Z-96a4e3b03caf/active/small,/Users/michael/blit-ldt4-sessions/ldt4-20260721T224319Z-96a4e3b03caf/retained/ldt4-037,manifests/landed/ldt4-037.csv,913dcd9fcd5ea6447db1d9e6f427254c09c895acdbc7804ce5791d1a4e1a309d,endpoint/windows/ldt4-037/daemon.err,endpoint/q/ldt4-037/client.err
windows_to_q_small,3,source_init,ldt4-038,00064f6018b86c22,netwatch-01,q,netwatch-01,635,61.516,4,4,4,32,0,0,1,sampled,[],"{""cheap-up"":1}","[""cheap-up""]",601285200,613096959,601285200,[],STRUCTURALLY_VALID,D:/blit-test/ldt4-staging/fixtures/src_small,/Users/michael/blit-ldt4-sessions/ldt4-20260721T224319Z-96a4e3b03caf/active/small,/Users/michael/blit-ldt4-sessions/ldt4-20260721T224319Z-96a4e3b03caf/retained/ldt4-038,manifests/landed/ldt4-038.csv,913dcd9fcd5ea6447db1d9e6f427254c09c895acdbc7804ce5791d1a4e1a309d,endpoint/windows/ldt4-038/client.err,endpoint/q/ldt4-038/daemon.err
windows_to_q_small,4,source_init,ldt4-039,fa9cb8249ddac9a6,netwatch-01,q,netwatch-01,642,60.845,4,4,4,32,0,0,1,sampled,[],"{""cheap-up"":1}","[""cheap-up""]",613170400,620531834,613170400,[],STRUCTURALLY_VALID,D:/blit-test/ldt4-staging/fixtures/src_small,/Users/michael/blit-ldt4-sessions/ldt4-20260721T224319Z-96a4e3b03caf/active/small,/Users/michael/blit-ldt4-sessions/ldt4-20260721T224319Z-96a4e3b03caf/retained/ldt4-039,manifests/landed/ldt4-039.csv,913dcd9fcd5ea6447db1d9e6f427254c09c895acdbc7804ce5791d1a4e1a309d,endpoint/windows/ldt4-039/client.err,endpoint/q/ldt4-039/daemon.err
windows_to_q_small,4,destination_init,ldt4-040,b550595f9670fab6,netwatch-01,q,q,634,61.613,4,4,4,32,0,0,0,no-sample,[],{},[],441812300,626523834,626523834,[],STRUCTURALLY_VALID,D:/blit-test/ldt4-staging/fixtures/src_small,/Users/michael/blit-ldt4-sessions/ldt4-20260721T224319Z-96a4e3b03caf/active/small,/Users/michael/blit-ldt4-sessions/ldt4-20260721T224319Z-96a4e3b03caf/retained/ldt4-040,manifests/landed/ldt4-040.csv,913dcd9fcd5ea6447db1d9e6f427254c09c895acdbc7804ce5791d1a4e1a309d,endpoint/windows/ldt4-040/daemon.err,endpoint/q/ldt4-040/client.err
windows_to_q_small,5,source_init,ldt4-041,31de03a71988c04a,netwatch-01,q,netwatch-01,692,56.449,4,4,4,32,0,0,1,sampled,[],"{""cheap-up"":1}","[""cheap-up""]",559736000,669972000,559736000,[],STRUCTURALLY_VALID,D:/blit-test/ldt4-staging/fixtures/src_small,/Users/michael/blit-ldt4-sessions/ldt4-20260721T224319Z-96a4e3b03caf/active/small,/Users/michael/blit-ldt4-sessions/ldt4-20260721T224319Z-96a4e3b03caf/retained/ldt4-041,manifests/landed/ldt4-041.csv,913dcd9fcd5ea6447db1d9e6f427254c09c895acdbc7804ce5791d1a4e1a309d,endpoint/windows/ldt4-041/client.err,endpoint/q/ldt4-041/daemon.err
windows_to_q_small,5,destination_init,ldt4-042,1fb027050a5fd063,netwatch-01,q,q,646,60.468,4,4,4,32,0,0,0,no-sample,[],{},[],602162800,638606875,638606875,[],STRUCTURALLY_VALID,D:/blit-test/ldt4-staging/fixtures/src_small,/Users/michael/blit-ldt4-sessions/ldt4-20260721T224319Z-96a4e3b03caf/active/small,/Users/michael/blit-ldt4-sessions/ldt4-20260721T224319Z-96a4e3b03caf/retained/ldt4-042,manifests/landed/ldt4-042.csv,913dcd9fcd5ea6447db1d9e6f427254c09c895acdbc7804ce5791d1a4e1a309d,endpoint/windows/ldt4-042/daemon.err,endpoint/q/ldt4-042/client.err
windows_to_q_small,6,destination_init,ldt4-043,59113d02082773dd,netwatch-01,q,q,636,61.419,4,4,4,32,0,0,0,no-sample,[],{},[],568049700,629193125,629193125,[],STRUCTURALLY_VALID,D:/blit-test/ldt4-staging/fixtures/src_small,/Users/michael/blit-ldt4-sessions/ldt4-20260721T224319Z-96a4e3b03caf/active/small,/Users/michael/blit-ldt4-sessions/ldt4-20260721T224319Z-96a4e3b03caf/retained/ldt4-043,manifests/landed/ldt4-043.csv,913dcd9fcd5ea6447db1d9e6f427254c09c895acdbc7804ce5791d1a4e1a309d,endpoint/windows/ldt4-043/daemon.err,endpoint/q/ldt4-043/client.err
windows_to_q_small,6,source_init,ldt4-044,eb044b837d22ee33,netwatch-01,q,netwatch-01,659,59.275,4,4,4,32,0,0,1,sampled,[],"{""cheap-up"":1}","[""cheap-up""]",629989700,637184750,629989700,[],STRUCTURALLY_VALID,D:/blit-test/ldt4-staging/fixtures/src_small,/Users/michael/blit-ldt4-sessions/ldt4-20260721T224319Z-96a4e3b03caf/active/small,/Users/michael/blit-ldt4-sessions/ldt4-20260721T224319Z-96a4e3b03caf/retained/ldt4-044,manifests/landed/ldt4-044.csv,913dcd9fcd5ea6447db1d9e6f427254c09c895acdbc7804ce5791d1a4e1a309d,endpoint/windows/ldt4-044/client.err,endpoint/q/ldt4-044/daemon.err
windows_to_q_small,7,destination_init,ldt4-045,f2d3c34f691a911c,netwatch-01,q,q,633,61.71,4,4,4,32,0,0,0,no-sample,[],{},[],582388600,626255708,626255708,[],STRUCTURALLY_VALID,D:/blit-test/ldt4-staging/fixtures/src_small,/Users/michael/blit-ldt4-sessions/ldt4-20260721T224319Z-96a4e3b03caf/active/small,/Users/michael/blit-ldt4-sessions/ldt4-20260721T224319Z-96a4e3b03caf/retained/ldt4-045,manifests/landed/ldt4-045.csv,913dcd9fcd5ea6447db1d9e6f427254c09c895acdbc7804ce5791d1a4e1a309d,endpoint/windows/ldt4-045/daemon.err,endpoint/q/ldt4-045/client.err
windows_to_q_small,7,source_init,ldt4-046,578d1b6c407c8bb5,netwatch-01,q,netwatch-01,653,59.82,4,4,4,32,0,0,1,sampled,[],"{""cheap-up"":1}","[""cheap-up""]",623602700,631723459,623602700,[],STRUCTURALLY_VALID,D:/blit-test/ldt4-staging/fixtures/src_small,/Users/michael/blit-ldt4-sessions/ldt4-20260721T224319Z-96a4e3b03caf/active/small,/Users/michael/blit-ldt4-sessions/ldt4-20260721T224319Z-96a4e3b03caf/retained/ldt4-046,manifests/landed/ldt4-046.csv,913dcd9fcd5ea6447db1d9e6f427254c09c895acdbc7804ce5791d1a4e1a309d,endpoint/windows/ldt4-046/client.err,endpoint/q/ldt4-046/daemon.err
windows_to_q_small,8,source_init,ldt4-047,751e011342962d9f,netwatch-01,q,netwatch-01,642,60.845,4,4,4,32,0,0,1,sampled,[],"{""cheap-up"":1}","[""cheap-up""]",612102900,620284500,612102900,[],STRUCTURALLY_VALID,D:/blit-test/ldt4-staging/fixtures/src_small,/Users/michael/blit-ldt4-sessions/ldt4-20260721T224319Z-96a4e3b03caf/active/small,/Users/michael/blit-ldt4-sessions/ldt4-20260721T224319Z-96a4e3b03caf/retained/ldt4-047,manifests/landed/ldt4-047.csv,913dcd9fcd5ea6447db1d9e6f427254c09c895acdbc7804ce5791d1a4e1a309d,endpoint/windows/ldt4-047/client.err,endpoint/q/ldt4-047/daemon.err
windows_to_q_small,8,destination_init,ldt4-048,71c290aea3dbd19b,netwatch-01,q,q,644,60.656,4,4,4,32,0,0,0,no-sample,[],{},[],514977300,635919625,635919625,[],STRUCTURALLY_VALID,D:/blit-test/ldt4-staging/fixtures/src_small,/Users/michael/blit-ldt4-sessions/ldt4-20260721T224319Z-96a4e3b03caf/active/small,/Users/michael/blit-ldt4-sessions/ldt4-20260721T224319Z-96a4e3b03caf/retained/ldt4-048,manifests/landed/ldt4-048.csv,913dcd9fcd5ea6447db1d9e6f427254c09c895acdbc7804ce5791d1a4e1a309d,endpoint/windows/ldt4-048/daemon.err,endpoint/q/ldt4-048/client.err
q_to_windows_small,1,source_init,ldt4-049,438796bc62c14f30,q,netwatch-01,q,1059,36.886,4,4,4,32,0,0,0,no-sample,[],{},[],868250291,1044753100,868250291,[],STRUCTURALLY_VALID,/Users/michael/blit-ldt4-staging/fixtures/src_small,D:/blit-test/ldt4-sessions/ldt4-20260721T224319Z-96a4e3b03caf/active/small,D:/blit-test/ldt4-sessions/ldt4-20260721T224319Z-96a4e3b03caf/retained/ldt4-049,manifests/landed/ldt4-049.csv,913dcd9fcd5ea6447db1d9e6f427254c09c895acdbc7804ce5791d1a4e1a309d,endpoint/q/ldt4-049/client.err,endpoint/windows/ldt4-049/daemon.err
q_to_windows_small,1,destination_init,ldt4-050,a19da768bee25f6a,q,netwatch-01,netwatch-01,1055,37.026,4,4,4,32,0,0,1,sampled,[],"{""hysteresis"":1}","[""hysteresis""]",862304584,1033312500,1033312500,[],STRUCTURALLY_VALID,/Users/michael/blit-ldt4-staging/fixtures/src_small,D:/blit-test/ldt4-sessions/ldt4-20260721T224319Z-96a4e3b03caf/active/small,D:/blit-test/ldt4-sessions/ldt4-20260721T224319Z-96a4e3b03caf/retained/ldt4-050,manifests/landed/ldt4-050.csv,913dcd9fcd5ea6447db1d9e6f427254c09c895acdbc7804ce5791d1a4e1a309d,endpoint/q/ldt4-050/daemon.err,endpoint/windows/ldt4-050/client.err
q_to_windows_small,2,destination_init,ldt4-051,1ea75cbd5b3ded0f,q,netwatch-01,netwatch-01,1080,36.169,4,4,4,32,0,0,1,sampled,[],"{""cheap-up"":1}","[""cheap-up""]",886240875,1057533800,1057533800,[],STRUCTURALLY_VALID,/Users/michael/blit-ldt4-staging/fixtures/src_small,D:/blit-test/ldt4-sessions/ldt4-20260721T224319Z-96a4e3b03caf/active/small,D:/blit-test/ldt4-sessions/ldt4-20260721T224319Z-96a4e3b03caf/retained/ldt4-051,manifests/landed/ldt4-051.csv,913dcd9fcd5ea6447db1d9e6f427254c09c895acdbc7804ce5791d1a4e1a309d,endpoint/q/ldt4-051/daemon.err,endpoint/windows/ldt4-051/client.err
q_to_windows_small,2,source_init,ldt4-052,feaaa6db438ab5bd,q,netwatch-01,q,1006,38.83,4,4,4,32,0,0,1,sampled,[],"{""cooldown"":1}","[""cooldown""]",910255709,994505800,910255709,[],STRUCTURALLY_VALID,/Users/michael/blit-ldt4-staging/fixtures/src_small,D:/blit-test/ldt4-sessions/ldt4-20260721T224319Z-96a4e3b03caf/active/small,D:/blit-test/ldt4-sessions/ldt4-20260721T224319Z-96a4e3b03caf/retained/ldt4-052,manifests/landed/ldt4-052.csv,913dcd9fcd5ea6447db1d9e6f427254c09c895acdbc7804ce5791d1a4e1a309d,endpoint/q/ldt4-052/client.err,endpoint/windows/ldt4-052/daemon.err
q_to_windows_small,3,destination_init,ldt4-053,d8f17ef357528cf3,q,netwatch-01,netwatch-01,1039,37.596,4,4,4,32,0,0,1,sampled,[],"{""hysteresis"":1}","[""hysteresis""]",838452292,1017756000,1017756000,[],STRUCTURALLY_VALID,/Users/michael/blit-ldt4-staging/fixtures/src_small,D:/blit-test/ldt4-sessions/ldt4-20260721T224319Z-96a4e3b03caf/active/small,D:/blit-test/ldt4-sessions/ldt4-20260721T224319Z-96a4e3b03caf/retained/ldt4-053,manifests/landed/ldt4-053.csv,913dcd9fcd5ea6447db1d9e6f427254c09c895acdbc7804ce5791d1a4e1a309d,endpoint/q/ldt4-053/daemon.err,endpoint/windows/ldt4-053/client.err
q_to_windows_small,3,source_init,ldt4-054,750fdc8741f47f7c,q,netwatch-01,q,1032,37.851,4,4,4,32,0,0,1,sampled,[],"{""hysteresis"":1}","[""hysteresis""]",729882375,1019710600,729882375,[],STRUCTURALLY_VALID,/Users/michael/blit-ldt4-staging/fixtures/src_small,D:/blit-test/ldt4-sessions/ldt4-20260721T224319Z-96a4e3b03caf/active/small,D:/blit-test/ldt4-sessions/ldt4-20260721T224319Z-96a4e3b03caf/retained/ldt4-054,manifests/landed/ldt4-054.csv,913dcd9fcd5ea6447db1d9e6f427254c09c895acdbc7804ce5791d1a4e1a309d,endpoint/q/ldt4-054/client.err,endpoint/windows/ldt4-054/daemon.err
q_to_windows_small,4,source_init,ldt4-055,faa37e546449dba4,q,netwatch-01,q,947,41.249,4,4,4,32,0,0,1,sampled,[],"{""cheap-up"":1}","[""cheap-up""]",771064625,935041600,771064625,[],STRUCTURALLY_VALID,/Users/michael/blit-ldt4-staging/fixtures/src_small,D:/blit-test/ldt4-sessions/ldt4-20260721T224319Z-96a4e3b03caf/active/small,D:/blit-test/ldt4-sessions/ldt4-20260721T224319Z-96a4e3b03caf/retained/ldt4-055,manifests/landed/ldt4-055.csv,913dcd9fcd5ea6447db1d9e6f427254c09c895acdbc7804ce5791d1a4e1a309d,endpoint/q/ldt4-055/client.err,endpoint/windows/ldt4-055/daemon.err
q_to_windows_small,4,destination_init,ldt4-056,58140b4aa43b06ed,q,netwatch-01,netwatch-01,950,41.118,4,4,4,32,0,0,1,sampled,[],"{""hysteresis"":1}","[""hysteresis""]",783497333,928893800,928893800,[],STRUCTURALLY_VALID,/Users/michael/blit-ldt4-staging/fixtures/src_small,D:/blit-test/ldt4-sessions/ldt4-20260721T224319Z-96a4e3b03caf/active/small,D:/blit-test/ldt4-sessions/ldt4-20260721T224319Z-96a4e3b03caf/retained/ldt4-056,manifests/landed/ldt4-056.csv,913dcd9fcd5ea6447db1d9e6f427254c09c895acdbc7804ce5791d1a4e1a309d,endpoint/q/ldt4-056/daemon.err,endpoint/windows/ldt4-056/client.err
q_to_windows_small,5,source_init,ldt4-057,91cd17086d32ca5e,q,netwatch-01,q,938,41.644,4,4,4,32,0,0,1,sampled,[],"{""hysteresis"":1}","[""hysteresis""]",768741167,926972400,768741167,[],STRUCTURALLY_VALID,/Users/michael/blit-ldt4-staging/fixtures/src_small,D:/blit-test/ldt4-sessions/ldt4-20260721T224319Z-96a4e3b03caf/active/small,D:/blit-test/ldt4-sessions/ldt4-20260721T224319Z-96a4e3b03caf/retained/ldt4-057,manifests/landed/ldt4-057.csv,913dcd9fcd5ea6447db1d9e6f427254c09c895acdbc7804ce5791d1a4e1a309d,endpoint/q/ldt4-057/client.err,endpoint/windows/ldt4-057/daemon.err
q_to_windows_small,5,destination_init,ldt4-058,010b6946a99926dc,q,netwatch-01,netwatch-01,944,41.38,4,4,4,32,0,0,1,sampled,[],"{""hysteresis"":1}","[""hysteresis""]",798328791,922390400,922390400,[],STRUCTURALLY_VALID,/Users/michael/blit-ldt4-staging/fixtures/src_small,D:/blit-test/ldt4-sessions/ldt4-20260721T224319Z-96a4e3b03caf/active/small,D:/blit-test/ldt4-sessions/ldt4-20260721T224319Z-96a4e3b03caf/retained/ldt4-058,manifests/landed/ldt4-058.csv,913dcd9fcd5ea6447db1d9e6f427254c09c895acdbc7804ce5791d1a4e1a309d,endpoint/q/ldt4-058/daemon.err,endpoint/windows/ldt4-058/client.err
q_to_windows_small,6,destination_init,ldt4-059,c7258e416534be3b,q,netwatch-01,netwatch-01,1072,36.439,4,4,4,32,0,0,0,no-sample,[],{},[],934043125,1049688600,1049688600,[],STRUCTURALLY_VALID,/Users/michael/blit-ldt4-staging/fixtures/src_small,D:/blit-test/ldt4-sessions/ldt4-20260721T224319Z-96a4e3b03caf/active/small,D:/blit-test/ldt4-sessions/ldt4-20260721T224319Z-96a4e3b03caf/retained/ldt4-059,manifests/landed/ldt4-059.csv,913dcd9fcd5ea6447db1d9e6f427254c09c895acdbc7804ce5791d1a4e1a309d,endpoint/q/ldt4-059/daemon.err,endpoint/windows/ldt4-059/client.err
q_to_windows_small,6,source_init,ldt4-060,a1771fbe8a7c6e3c,q,netwatch-01,q,919,42.505,4,4,4,32,0,0,1,sampled,[],"{""cooldown"":1}","[""cooldown""]",711542291,906967900,711542291,[],STRUCTURALLY_VALID,/Users/michael/blit-ldt4-staging/fixtures/src_small,D:/blit-test/ldt4-sessions/ldt4-20260721T224319Z-96a4e3b03caf/active/small,D:/blit-test/ldt4-sessions/ldt4-20260721T224319Z-96a4e3b03caf/retained/ldt4-060,manifests/landed/ldt4-060.csv,913dcd9fcd5ea6447db1d9e6f427254c09c895acdbc7804ce5791d1a4e1a309d,endpoint/q/ldt4-060/client.err,endpoint/windows/ldt4-060/daemon.err
q_to_windows_small,7,destination_init,ldt4-061,a1a436654179e09a,q,netwatch-01,netwatch-01,964,40.521,4,4,4,32,0,0,1,sampled,[],"{""hysteresis"":1}","[""hysteresis""]",785314084,942131600,942131600,[],STRUCTURALLY_VALID,/Users/michael/blit-ldt4-staging/fixtures/src_small,D:/blit-test/ldt4-sessions/ldt4-20260721T224319Z-96a4e3b03caf/active/small,D:/blit-test/ldt4-sessions/ldt4-20260721T224319Z-96a4e3b03caf/retained/ldt4-061,manifests/landed/ldt4-061.csv,913dcd9fcd5ea6447db1d9e6f427254c09c895acdbc7804ce5791d1a4e1a309d,endpoint/q/ldt4-061/daemon.err,endpoint/windows/ldt4-061/client.err
q_to_windows_small,7,source_init,ldt4-062,82af6f2cbf58f180,q,netwatch-01,q,944,41.38,4,4,4,32,0,0,1,sampled,[],"{""cheap-up"":1}","[""cheap-up""]",738077125,931181900,738077125,[],STRUCTURALLY_VALID,/Users/michael/blit-ldt4-staging/fixtures/src_small,D:/blit-test/ldt4-sessions/ldt4-20260721T224319Z-96a4e3b03caf/active/small,D:/blit-test/ldt4-sessions/ldt4-20260721T224319Z-96a4e3b03caf/retained/ldt4-062,manifests/landed/ldt4-062.csv,913dcd9fcd5ea6447db1d9e6f427254c09c895acdbc7804ce5791d1a4e1a309d,endpoint/q/ldt4-062/client.err,endpoint/windows/ldt4-062/daemon.err
q_to_windows_small,8,source_init,ldt4-063,2141bf25672a5676,q,netwatch-01,q,930,42.003,4,4,4,32,0,0,1,sampled,[],"{""cooldown"":1}","[""cooldown""]",810690583,917479300,810690583,[],STRUCTURALLY_VALID,/Users/michael/blit-ldt4-staging/fixtures/src_small,D:/blit-test/ldt4-sessions/ldt4-20260721T224319Z-96a4e3b03caf/active/small,D:/blit-test/ldt4-sessions/ldt4-20260721T224319Z-96a4e3b03caf/retained/ldt4-063,manifests/landed/ldt4-063.csv,913dcd9fcd5ea6447db1d9e6f427254c09c895acdbc7804ce5791d1a4e1a309d,endpoint/q/ldt4-063/client.err,endpoint/windows/ldt4-063/daemon.err
q_to_windows_small,8,destination_init,ldt4-064,ad3819de9eaa6d30,q,netwatch-01,netwatch-01,991,39.417,4,4,4,32,0,0,1,sampled,[],"{""cheap-up"":1}","[""cheap-up""]",796683833,968563400,968563400,[],STRUCTURALLY_VALID,/Users/michael/blit-ldt4-staging/fixtures/src_small,D:/blit-test/ldt4-sessions/ldt4-20260721T224319Z-96a4e3b03caf/active/small,D:/blit-test/ldt4-sessions/ldt4-20260721T224319Z-96a4e3b03caf/retained/ldt4-064,manifests/landed/ldt4-064.csv,913dcd9fcd5ea6447db1d9e6f427254c09c895acdbc7804ce5791d1a4e1a309d,endpoint/q/ldt4-064/daemon.err,endpoint/windows/ldt4-064/client.err
q_to_windows_mixed,1,source_init,ldt4-065,ea43d45d7a475226,q,netwatch-01,q,732,712.795,4,4,4,32,0,0,0,no-sample,[],{},[],633321167,724548700,633321167,[],STRUCTURALLY_VALID,/Users/michael/blit-ldt4-staging/fixtures/src_mixed,D:/blit-test/ldt4-sessions/ldt4-20260721T224319Z-96a4e3b03caf/active/mixed,D:/blit-test/ldt4-sessions/ldt4-20260721T224319Z-96a4e3b03caf/retained/ldt4-065,manifests/landed/ldt4-065.csv,2452aa3059998eedf5e63a860a08f0db255286862a9a5fe576dca19d6e4c756e,endpoint/q/ldt4-065/client.err,endpoint/windows/ldt4-065/daemon.err
q_to_windows_mixed,1,destination_init,ldt4-066,4dfffead8ce3e5c8,q,netwatch-01,netwatch-01,591,882.852,4,4,4,32,0,0,0,no-sample,[],{},[],567356208,569339500,569339500,[],STRUCTURALLY_VALID,/Users/michael/blit-ldt4-staging/fixtures/src_mixed,D:/blit-test/ldt4-sessions/ldt4-20260721T224319Z-96a4e3b03caf/active/mixed,D:/blit-test/ldt4-sessions/ldt4-20260721T224319Z-96a4e3b03caf/retained/ldt4-066,manifests/landed/ldt4-066.csv,2452aa3059998eedf5e63a860a08f0db255286862a9a5fe576dca19d6e4c756e,endpoint/q/ldt4-066/daemon.err,endpoint/windows/ldt4-066/client.err
q_to_windows_mixed,2,destination_init,ldt4-067,53960e3e44d03601,q,netwatch-01,netwatch-01,590,884.349,4,4,4,32,0,0,0,no-sample,[],{},[],567426917,569446500,569446500,[],STRUCTURALLY_VALID,/Users/michael/blit-ldt4-staging/fixtures/src_mixed,D:/blit-test/ldt4-sessions/ldt4-20260721T224319Z-96a4e3b03caf/active/mixed,D:/blit-test/ldt4-sessions/ldt4-20260721T224319Z-96a4e3b03caf/retained/ldt4-067,manifests/landed/ldt4-067.csv,2452aa3059998eedf5e63a860a08f0db255286862a9a5fe576dca19d6e4c756e,endpoint/q/ldt4-067/daemon.err,endpoint/windows/ldt4-067/client.err
q_to_windows_mixed,2,source_init,ldt4-068,fdcb9e8c5805b0c1,q,netwatch-01,q,691,755.088,4,4,4,32,0,0,0,no-sample,[],{},[],681977417,684611900,681977417,[],STRUCTURALLY_VALID,/Users/michael/blit-ldt4-staging/fixtures/src_mixed,D:/blit-test/ldt4-sessions/ldt4-20260721T224319Z-96a4e3b03caf/active/mixed,D:/blit-test/ldt4-sessions/ldt4-20260721T224319Z-96a4e3b03caf/retained/ldt4-068,manifests/landed/ldt4-068.csv,2452aa3059998eedf5e63a860a08f0db255286862a9a5fe576dca19d6e4c756e,endpoint/q/ldt4-068/client.err,endpoint/windows/ldt4-068/daemon.err
q_to_windows_mixed,3,destination_init,ldt4-069,e3f1c10d4707acfd,q,netwatch-01,netwatch-01,807,646.55,4,4,4,32,0,0,0,no-sample,[],{},[],783169458,785230900,785230900,[],STRUCTURALLY_VALID,/Users/michael/blit-ldt4-staging/fixtures/src_mixed,D:/blit-test/ldt4-sessions/ldt4-20260721T224319Z-96a4e3b03caf/active/mixed,D:/blit-test/ldt4-sessions/ldt4-20260721T224319Z-96a4e3b03caf/retained/ldt4-069,manifests/landed/ldt4-069.csv,2452aa3059998eedf5e63a860a08f0db255286862a9a5fe576dca19d6e4c756e,endpoint/q/ldt4-069/daemon.err,endpoint/windows/ldt4-069/client.err
q_to_windows_mixed,3,source_init,ldt4-070,fcc891694528d26f,q,netwatch-01,q,693,752.909,4,4,4,32,0,0,0,no-sample,[],{},[],682850584,685483000,682850584,[],STRUCTURALLY_VALID,/Users/michael/blit-ldt4-staging/fixtures/src_mixed,D:/blit-test/ldt4-sessions/ldt4-20260721T224319Z-96a4e3b03caf/active/mixed,D:/blit-test/ldt4-sessions/ldt4-20260721T224319Z-96a4e3b03caf/retained/ldt4-070,manifests/landed/ldt4-070.csv,2452aa3059998eedf5e63a860a08f0db255286862a9a5fe576dca19d6e4c756e,endpoint/q/ldt4-070/client.err,endpoint/windows/ldt4-070/daemon.err
q_to_windows_mixed,4,source_init,ldt4-071,01945134edcc9965,q,netwatch-01,q,791,659.628,4,4,4,32,0,0,0,no-sample,[],{},[],780241875,783441100,780241875,[],STRUCTURALLY_VALID,/Users/michael/blit-ldt4-staging/fixtures/src_mixed,D:/blit-test/ldt4-sessions/ldt4-20260721T224319Z-96a4e3b03caf/active/mixed,D:/blit-test/ldt4-sessions/ldt4-20260721T224319Z-96a4e3b03caf/retained/ldt4-071,manifests/landed/ldt4-071.csv,2452aa3059998eedf5e63a860a08f0db255286862a9a5fe576dca19d6e4c756e,endpoint/q/ldt4-071/client.err,endpoint/windows/ldt4-071/daemon.err
q_to_windows_mixed,4,destination_init,ldt4-072,5d7ecfcba15a6256,q,netwatch-01,netwatch-01,816,639.419,4,4,4,32,0,0,0,no-sample,[],{},[],793076708,795105000,795105000,[],STRUCTURALLY_VALID,/Users/michael/blit-ldt4-staging/fixtures/src_mixed,D:/blit-test/ldt4-sessions/ldt4-20260721T224319Z-96a4e3b03caf/active/mixed,D:/blit-test/ldt4-sessions/ldt4-20260721T224319Z-96a4e3b03caf/retained/ldt4-072,manifests/landed/ldt4-072.csv,2452aa3059998eedf5e63a860a08f0db255286862a9a5fe576dca19d6e4c756e,endpoint/q/ldt4-072/daemon.err,endpoint/windows/ldt4-072/client.err
q_to_windows_mixed,5,source_init,ldt4-073,e5d25082c38a1127,q,netwatch-01,q,692,753.997,4,4,4,32,0,0,0,no-sample,[],{},[],682019584,684633000,682019584,[],STRUCTURALLY_VALID,/Users/michael/blit-ldt4-staging/fixtures/src_mixed,D:/blit-test/ldt4-sessions/ldt4-20260721T224319Z-96a4e3b03caf/active/mixed,D:/blit-test/ldt4-sessions/ldt4-20260721T224319Z-96a4e3b03caf/retained/ldt4-073,manifests/landed/ldt4-073.csv,2452aa3059998eedf5e63a860a08f0db255286862a9a5fe576dca19d6e4c756e,endpoint/q/ldt4-073/client.err,endpoint/windows/ldt4-073/daemon.err
q_to_windows_mixed,5,destination_init,ldt4-074,17058d0de22158cd,q,netwatch-01,netwatch-01,811,643.361,4,4,4,32,0,0,0,no-sample,[],{},[],787050291,789163000,789163000,[],STRUCTURALLY_VALID,/Users/michael/blit-ldt4-staging/fixtures/src_mixed,D:/blit-test/ldt4-sessions/ldt4-20260721T224319Z-96a4e3b03caf/active/mixed,D:/blit-test/ldt4-sessions/ldt4-20260721T224319Z-96a4e3b03caf/retained/ldt4-074,manifests/landed/ldt4-074.csv,2452aa3059998eedf5e63a860a08f0db255286862a9a5fe576dca19d6e4c756e,endpoint/q/ldt4-074/daemon.err,endpoint/windows/ldt4-074/client.err
q_to_windows_mixed,6,destination_init,ldt4-075,520865e8c14c0064,q,netwatch-01,netwatch-01,814,640.99,4,4,4,32,0,0,0,no-sample,[],{},[],790108333,792154100,792154100,[],STRUCTURALLY_VALID,/Users/michael/blit-ldt4-staging/fixtures/src_mixed,D:/blit-test/ldt4-sessions/ldt4-20260721T224319Z-96a4e3b03caf/active/mixed,D:/blit-test/ldt4-sessions/ldt4-20260721T224319Z-96a4e3b03caf/retained/ldt4-075,manifests/landed/ldt4-075.csv,2452aa3059998eedf5e63a860a08f0db255286862a9a5fe576dca19d6e4c756e,endpoint/q/ldt4-075/daemon.err,endpoint/windows/ldt4-075/client.err
q_to_windows_mixed,6,source_init,ldt4-076,fcbe649429e0a337,q,netwatch-01,q,698,747.515,4,4,4,32,0,0,0,no-sample,[],{},[],687386083,689959100,687386083,[],STRUCTURALLY_VALID,/Users/michael/blit-ldt4-staging/fixtures/src_mixed,D:/blit-test/ldt4-sessions/ldt4-20260721T224319Z-96a4e3b03caf/active/mixed,D:/blit-test/ldt4-sessions/ldt4-20260721T224319Z-96a4e3b03caf/retained/ldt4-076,manifests/landed/ldt4-076.csv,2452aa3059998eedf5e63a860a08f0db255286862a9a5fe576dca19d6e4c756e,endpoint/q/ldt4-076/client.err,endpoint/windows/ldt4-076/daemon.err
q_to_windows_mixed,7,destination_init,ldt4-077,ba82790818712bb6,q,netwatch-01,netwatch-01,626,833.491,4,4,4,32,0,0,0,no-sample,[],{},[],602898375,604980100,604980100,[],STRUCTURALLY_VALID,/Users/michael/blit-ldt4-staging/fixtures/src_mixed,D:/blit-test/ldt4-sessions/ldt4-20260721T224319Z-96a4e3b03caf/active/mixed,D:/blit-test/ldt4-sessions/ldt4-20260721T224319Z-96a4e3b03caf/retained/ldt4-077,manifests/landed/ldt4-077.csv,2452aa3059998eedf5e63a860a08f0db255286862a9a5fe576dca19d6e4c756e,endpoint/q/ldt4-077/daemon.err,endpoint/windows/ldt4-077/client.err
q_to_windows_mixed,7,source_init,ldt4-078,25a63e989143b5ba,q,netwatch-01,q,757,689.254,4,4,4,32,0,0,0,no-sample,[],{},[],746583250,749276000,746583250,[],STRUCTURALLY_VALID,/Users/michael/blit-ldt4-staging/fixtures/src_mixed,D:/blit-test/ldt4-sessions/ldt4-20260721T224319Z-96a4e3b03caf/active/mixed,D:/blit-test/ldt4-sessions/ldt4-20260721T224319Z-96a4e3b03caf/retained/ldt4-078,manifests/landed/ldt4-078.csv,2452aa3059998eedf5e63a860a08f0db255286862a9a5fe576dca19d6e4c756e,endpoint/q/ldt4-078/client.err,endpoint/windows/ldt4-078/daemon.err
q_to_windows_mixed,8,source_init,ldt4-079,9c98efee067e0620,q,netwatch-01,q,735,709.885,4,4,4,32,0,0,0,no-sample,[],{},[],725077042,727532700,725077042,[],STRUCTURALLY_VALID,/Users/michael/blit-ldt4-staging/fixtures/src_mixed,D:/blit-test/ldt4-sessions/ldt4-20260721T224319Z-96a4e3b03caf/active/mixed,D:/blit-test/ldt4-sessions/ldt4-20260721T224319Z-96a4e3b03caf/retained/ldt4-079,manifests/landed/ldt4-079.csv,2452aa3059998eedf5e63a860a08f0db255286862a9a5fe576dca19d6e4c756e,endpoint/q/ldt4-079/client.err,endpoint/windows/ldt4-079/daemon.err
q_to_windows_mixed,8,destination_init,ldt4-080,f287ca3414492718,q,netwatch-01,netwatch-01,817,638.636,4,4,4,32,0,0,0,no-sample,[],{},[],792576041,794671600,794671600,[],STRUCTURALLY_VALID,/Users/michael/blit-ldt4-staging/fixtures/src_mixed,D:/blit-test/ldt4-sessions/ldt4-20260721T224319Z-96a4e3b03caf/active/mixed,D:/blit-test/ldt4-sessions/ldt4-20260721T224319Z-96a4e3b03caf/retained/ldt4-080,manifests/landed/ldt4-080.csv,2452aa3059998eedf5e63a860a08f0db255286862a9a5fe576dca19d6e4c756e,endpoint/q/ldt4-080/daemon.err,endpoint/windows/ldt4-080/client.err
windows_to_q_mixed,1,source_init,ldt4-081,2ed2ac756d0c3135,netwatch-01,q,netwatch-01,549,950.393,4,4,4,32,0,0,0,no-sample,[],{},[],525149000,527852625,525149000,[],STRUCTURALLY_VALID,D:/blit-test/rigw-module/src_mixed,/Users/michael/blit-ldt4-sessions/ldt4-20260721T224319Z-96a4e3b03caf/active/mixed,/Users/michael/blit-ldt4-sessions/ldt4-20260721T224319Z-96a4e3b03caf/retained/ldt4-081,manifests/landed/ldt4-081.csv,2452aa3059998eedf5e63a860a08f0db255286862a9a5fe576dca19d6e4c756e,endpoint/windows/ldt4-081/client.err,endpoint/q/ldt4-081/daemon.err
windows_to_q_mixed,1,destination_init,ldt4-082,836e194521e903ca,netwatch-01,q,q,592,881.361,4,4,4,32,0,0,0,no-sample,[],{},[],582504100,584513167,584513167,[],STRUCTURALLY_VALID,D:/blit-test/rigw-module/src_mixed,/Users/michael/blit-ldt4-sessions/ldt4-20260721T224319Z-96a4e3b03caf/active/mixed,/Users/michael/blit-ldt4-sessions/ldt4-20260721T224319Z-96a4e3b03caf/retained/ldt4-082,manifests/landed/ldt4-082.csv,2452aa3059998eedf5e63a860a08f0db255286862a9a5fe576dca19d6e4c756e,endpoint/windows/ldt4-082/daemon.err,endpoint/q/ldt4-082/client.err
windows_to_q_mixed,2,destination_init,ldt4-083,5f5dbc3cebc0b49a,netwatch-01,q,q,590,884.349,4,4,4,32,0,0,0,no-sample,[],{},[],580499900,582354333,582354333,[],STRUCTURALLY_VALID,D:/blit-test/rigw-module/src_mixed,/Users/michael/blit-ldt4-sessions/ldt4-20260721T224319Z-96a4e3b03caf/active/mixed,/Users/michael/blit-ldt4-sessions/ldt4-20260721T224319Z-96a4e3b03caf/retained/ldt4-083,manifests/landed/ldt4-083.csv,2452aa3059998eedf5e63a860a08f0db255286862a9a5fe576dca19d6e4c756e,endpoint/windows/ldt4-083/daemon.err,endpoint/q/ldt4-083/client.err
windows_to_q_mixed,2,source_init,ldt4-084,2d41a4d202dc6093,netwatch-01,q,netwatch-01,587,888.868,4,4,4,32,0,0,0,no-sample,[],{},[],563591300,565931416,563591300,[],STRUCTURALLY_VALID,D:/blit-test/rigw-module/src_mixed,/Users/michael/blit-ldt4-sessions/ldt4-20260721T224319Z-96a4e3b03caf/active/mixed,/Users/michael/blit-ldt4-sessions/ldt4-20260721T224319Z-96a4e3b03caf/retained/ldt4-084,manifests/landed/ldt4-084.csv,2452aa3059998eedf5e63a860a08f0db255286862a9a5fe576dca19d6e4c756e,endpoint/windows/ldt4-084/client.err,endpoint/q/ldt4-084/daemon.err
windows_to_q_mixed,3,destination_init,ldt4-085,d74831e1d0eaba5c,netwatch-01,q,q,561,930.064,4,4,4,32,0,0,0,no-sample,[],{},[],551125300,553392166,553392166,[],STRUCTURALLY_VALID,D:/blit-test/rigw-module/src_mixed,/Users/michael/blit-ldt4-sessions/ldt4-20260721T224319Z-96a4e3b03caf/active/mixed,/Users/michael/blit-ldt4-sessions/ldt4-20260721T224319Z-96a4e3b03caf/retained/ldt4-085,manifests/landed/ldt4-085.csv,2452aa3059998eedf5e63a860a08f0db255286862a9a5fe576dca19d6e4c756e,endpoint/windows/ldt4-085/daemon.err,endpoint/q/ldt4-085/client.err
windows_to_q_mixed,3,source_init,ldt4-086,cf1fcfd98e73327f,netwatch-01,q,netwatch-01,538,969.825,4,4,4,32,0,0,0,no-sample,[],{},[],513258400,515612708,513258400,[],STRUCTURALLY_VALID,D:/blit-test/rigw-module/src_mixed,/Users/michael/blit-ldt4-sessions/ldt4-20260721T224319Z-96a4e3b03caf/active/mixed,/Users/michael/blit-ldt4-sessions/ldt4-20260721T224319Z-96a4e3b03caf/retained/ldt4-086,manifests/landed/ldt4-086.csv,2452aa3059998eedf5e63a860a08f0db255286862a9a5fe576dca19d6e4c756e,endpoint/windows/ldt4-086/client.err,endpoint/q/ldt4-086/daemon.err
windows_to_q_mixed,4,source_init,ldt4-087,b1ddb124863ab2ec,netwatch-01,q,netwatch-01,540,966.233,4,4,4,32,0,0,0,no-sample,[],{},[],515425800,518365167,515425800,[],STRUCTURALLY_VALID,D:/blit-test/rigw-module/src_mixed,/Users/michael/blit-ldt4-sessions/ldt4-20260721T224319Z-96a4e3b03caf/active/mixed,/Users/michael/blit-ldt4-sessions/ldt4-20260721T224319Z-96a4e3b03caf/retained/ldt4-087,manifests/landed/ldt4-087.csv,2452aa3059998eedf5e63a860a08f0db255286862a9a5fe576dca19d6e4c756e,endpoint/windows/ldt4-087/client.err,endpoint/q/ldt4-087/daemon.err
windows_to_q_mixed,4,destination_init,ldt4-088,2f10b569de84ed52,netwatch-01,q,q,551,946.943,4,4,4,32,0,0,0,no-sample,[],{},[],540626700,543086167,543086167,[],STRUCTURALLY_VALID,D:/blit-test/rigw-module/src_mixed,/Users/michael/blit-ldt4-sessions/ldt4-20260721T224319Z-96a4e3b03caf/active/mixed,/Users/michael/blit-ldt4-sessions/ldt4-20260721T224319Z-96a4e3b03caf/retained/ldt4-088,manifests/landed/ldt4-088.csv,2452aa3059998eedf5e63a860a08f0db255286862a9a5fe576dca19d6e4c756e,endpoint/windows/ldt4-088/daemon.err,endpoint/q/ldt4-088/client.err
windows_to_q_mixed,5,source_init,ldt4-089,32b0f80764c00bce,netwatch-01,q,netwatch-01,606,860.999,4,4,4,32,0,0,0,no-sample,[],{},[],581904000,584293875,581904000,[],STRUCTURALLY_VALID,D:/blit-test/rigw-module/src_mixed,/Users/michael/blit-ldt4-sessions/ldt4-20260721T224319Z-96a4e3b03caf/active/mixed,/Users/michael/blit-ldt4-sessions/ldt4-20260721T224319Z-96a4e3b03caf/retained/ldt4-089,manifests/landed/ldt4-089.csv,2452aa3059998eedf5e63a860a08f0db255286862a9a5fe576dca19d6e4c756e,endpoint/windows/ldt4-089/client.err,endpoint/q/ldt4-089/daemon.err
windows_to_q_mixed,5,destination_init,ldt4-090,dae97afd6eeab5d1,netwatch-01,q,q,557,936.743,4,4,4,32,0,0,0,no-sample,[],{},[],548081100,549927625,549927625,[],STRUCTURALLY_VALID,D:/blit-test/rigw-module/src_mixed,/Users/michael/blit-ldt4-sessions/ldt4-20260721T224319Z-96a4e3b03caf/active/mixed,/Users/michael/blit-ldt4-sessions/ldt4-20260721T224319Z-96a4e3b03caf/retained/ldt4-090,manifests/landed/ldt4-090.csv,2452aa3059998eedf5e63a860a08f0db255286862a9a5fe576dca19d6e4c756e,endpoint/windows/ldt4-090/daemon.err,endpoint/q/ldt4-090/client.err
windows_to_q_mixed,6,destination_init,ldt4-091,191b282bab96eb6b,netwatch-01,q,q,545,957.368,4,4,4,32,0,0,0,no-sample,[],{},[],535997100,538165583,538165583,[],STRUCTURALLY_VALID,D:/blit-test/rigw-module/src_mixed,/Users/michael/blit-ldt4-sessions/ldt4-20260721T224319Z-96a4e3b03caf/active/mixed,/Users/michael/blit-ldt4-sessions/ldt4-20260721T224319Z-96a4e3b03caf/retained/ldt4-091,manifests/landed/ldt4-091.csv,2452aa3059998eedf5e63a860a08f0db255286862a9a5fe576dca19d6e4c756e,endpoint/windows/ldt4-091/daemon.err,endpoint/q/ldt4-091/client.err
windows_to_q_mixed,6,source_init,ldt4-092,5d4e70eac10e0932,netwatch-01,q,netwatch-01,574,908.999,4,4,4,32,0,0,0,no-sample,[],{},[],550453500,552810583,550453500,[],STRUCTURALLY_VALID,D:/blit-test/rigw-module/src_mixed,/Users/michael/blit-ldt4-sessions/ldt4-20260721T224319Z-96a4e3b03caf/active/mixed,/Users/michael/blit-ldt4-sessions/ldt4-20260721T224319Z-96a4e3b03caf/retained/ldt4-092,manifests/landed/ldt4-092.csv,2452aa3059998eedf5e63a860a08f0db255286862a9a5fe576dca19d6e4c756e,endpoint/windows/ldt4-092/client.err,endpoint/q/ldt4-092/daemon.err
windows_to_q_mixed,7,destination_init,ldt4-093,f6c06531135ce513,netwatch-01,q,q,641,813.987,4,4,4,32,0,0,0,no-sample,[],{},[],631169100,633086750,633086750,[],STRUCTURALLY_VALID,D:/blit-test/rigw-module/src_mixed,/Users/michael/blit-ldt4-sessions/ldt4-20260721T224319Z-96a4e3b03caf/active/mixed,/Users/michael/blit-ldt4-sessions/ldt4-20260721T224319Z-96a4e3b03caf/retained/ldt4-093,manifests/landed/ldt4-093.csv,2452aa3059998eedf5e63a860a08f0db255286862a9a5fe576dca19d6e4c756e,endpoint/windows/ldt4-093/daemon.err,endpoint/q/ldt4-093/client.err
windows_to_q_mixed,7,source_init,ldt4-094,27ab4078f44f3e24,netwatch-01,q,netwatch-01,583,894.967,4,4,4,32,0,0,0,no-sample,[],{},[],559241700,561608333,559241700,[],STRUCTURALLY_VALID,D:/blit-test/rigw-module/src_mixed,/Users/michael/blit-ldt4-sessions/ldt4-20260721T224319Z-96a4e3b03caf/active/mixed,/Users/michael/blit-ldt4-sessions/ldt4-20260721T224319Z-96a4e3b03caf/retained/ldt4-094,manifests/landed/ldt4-094.csv,2452aa3059998eedf5e63a860a08f0db255286862a9a5fe576dca19d6e4c756e,endpoint/windows/ldt4-094/client.err,endpoint/q/ldt4-094/daemon.err
windows_to_q_mixed,8,source_init,ldt4-095,0ad9aae4032d867a,netwatch-01,q,netwatch-01,587,888.868,4,4,4,32,0,0,0,no-sample,[],{},[],563663700,565875708,563663700,[],STRUCTURALLY_VALID,D:/blit-test/rigw-module/src_mixed,/Users/michael/blit-ldt4-sessions/ldt4-20260721T224319Z-96a4e3b03caf/active/mixed,/Users/michael/blit-ldt4-sessions/ldt4-20260721T224319Z-96a4e3b03caf/retained/ldt4-095,manifests/landed/ldt4-095.csv,2452aa3059998eedf5e63a860a08f0db255286862a9a5fe576dca19d6e4c756e,endpoint/windows/ldt4-095/client.err,endpoint/q/ldt4-095/daemon.err
windows_to_q_mixed,8,destination_init,ldt4-096,fb0e9694f2efaeeb,netwatch-01,q,q,548,952.127,4,4,4,32,0,0,0,no-sample,[],{},[],538710700,540631875,540631875,[],STRUCTURALLY_VALID,D:/blit-test/rigw-module/src_mixed,/Users/michael/blit-ldt4-sessions/ldt4-20260721T224319Z-96a4e3b03caf/active/mixed,/Users/michael/blit-ldt4-sessions/ldt4-20260721T224319Z-96a4e3b03caf/retained/ldt4-096,manifests/landed/ldt4-096.csv,2452aa3059998eedf5e63a860a08f0db255286862a9a5fe576dca19d6e4c756e,endpoint/windows/ldt4-096/daemon.err,endpoint/q/ldt4-096/client.err
